IWD,IWA,WHH,FTAG,Date,PSA,AC,B365A,HR,IWH,WHA,HTAG,HomeTeam,HF,PSH,WHD,VCA,AR,B365H,PSCD,HY,VCD,AwayTeam,HST,BWA,HTHG,PSCA,AY,B365D,BWD,VCH,PSCH,AF,BWH,AS,FTR,HTR,AST,PSD,HS,FTHG,Div,HC
5.8,9.0,1.17,1,24/08/2018,14.9,2,12.0,0,1.3,13.0,0,Bayern Munich,2,1.2,8.0,15.0,0,1.2,7.15,1,7.5,Hoffenheim,5,11.5,1,14.1,4,7.5,7.5,1.2,1.23,21,1.2,8,H,H,5,7.86,16,3,D1,7
3.3,2.95,2.45,2,25/08/2018,3.06,5,3.0,0,2.4,2.9,0,Fortuna Dusseldorf,11,2.51,3.25,3.0,0,2.37,3.33,1,3.3,Augsburg,5,3.0,1,2.78,0,3.25,3.3,2.5,2.74,10,2.4,14,A,H,7,3.32,9,1,D1,7
3.6,4.5,1.75,1,26/08/2018,4.57,9,4.75,0,1.8,4.2,1,Dortmund,8,1.79,4.0,4.3,0,1.72,4.11,2,4.0,RB Leipzig,5,4.6,3,4.77,2,3.8,3.8,1.8,1.74,11,1.75,10,H,H,7,4.05,10,4,D1,7
4.0,1.6,4.8,0,31/08/2018,1.65,1,1.57,0,5.5,1.62,0,Hannover,11,5.44,4.33,1.62,0,5.5,4.16,0,4.4,Dortmund,0,1.57,0,1.68,0,4.33,4.33,5.2,5.25,5,5.5,8,D,D,3,4.25,7,0,D1,4
3.4,2.65,2.6,1,01/09/2018,2.83,4,2.7,0,2.65,2.62,0,Augsburg,12,2.64,3.4,2.75,0,2.62,3.52,1,3.4,M'gladbach,7,2.65,1,2.75,2,3.4,3.4,2.63,2.65,12,2.65,7,D,H,2,3.41,18,1,D1,9
4.5,7.1,1.4,1,02/09/2018,8.87,3,8.0,0,1.45,7.0,0,RB Leipzig,11,1.41,5.0,8.0,0,1.4,5.69,1,5.0,Fortuna Dusseldorf,7,7.5,0,9.56,4,4.75,4.75,1.4,1.34,15,1.42,14,D,D,8,4.92,23,1,D1,3
4.5,7.0,1.4,1,14/09/2018,8.02,1,7.5,0,1.45,7.5,0,Dortmund,11,1.44,4.75,8.0,0,1.4,4.74,0,5.0,Ein Frankfurt,6,7.0,1,6.97,1,5.0,4.75,1.4,1.48,11,1.44,5,H,H,2,4.77,10,3,D1,7
6.0,10.0,1.22,1,15/09/2018,13.74,1,13.0,0,1.27,11.0,1,Bayern Munich,4,1.23,6.5,12.0,1,1.2,8.8,0,7.0,Leverkusen,5,12.5,2,15.59,1,7.0,6.75,1.25,1.17,12,1.22,3,H,H,1,6.86,18,3,D1,9
3.1,2.8,2.62,3,16/09/2018,2.87,8,2.75,1,2.7,2.75,1,Freiburg,13,2.76,3.2,2.75,0,2.62,3.22,3,3.25,Stuttgart,5,2.9,1,2.77,4,3.25,3.2,2.7,2.79,11,2.55,11,D,D,6,3.17,12,3,D1,5
3.6,4.5,1.8,0,21/09/2018,4.81,9,5.25,0,1.8,4.33,0,Stuttgart,8,1.78,3.7,4.6,0,1.72,3.89,0,3.75,Fortuna Dusseldorf,1,5.0,0,5.19,2,3.6,3.7,1.8,1.72,19,1.72,19,D,D,7,3.84,10,0,D1,2
3.4,2.8,2.4,3,22/09/2018,2.89,4,2.9,0,2.5,2.88,2,Augsburg,10,2.53,3.4,2.9,0,2.5,3.48,2,3.4,Werder Bremen,7,2.85,1,2.53,2,3.25,3.4,2.5,2.89,11,2.45,12,A,A,7,3.48,21,2,D1,7
3.4,2.4,3.0,1,23/09/2018,2.32,2,2.35,0,2.9,2.3,0,Ein Frankfurt,14,3.14,3.4,2.3,0,2.9,3.67,1,3.5,RB Leipzig,5,2.3,1,2.35,1,3.4,3.4,3.13,3.06,8,3.1,9,D,H,2,3.56,8,1,D1,4
9.0,20.0,1.11,1,25/09/2018,24.78,4,23.0,0,1.12,17.0,0,Bayern Munich,6,1.12,10.0,21.0,0,1.1,10.33,3,10.0,Augsburg,8,21.0,0,25.21,2,10.0,9.5,1.13,1.12,15,1.11,12,D,D,4,10.15,16,1,D1,8
5.8,9.0,1.3,0,26/09/2018,11.6,5,10.0,0,1.3,9.0,0,Dortmund,6,1.31,5.5,10.5,0,1.3,4.82,0,5.75,Nurnberg,10,11.0,2,8.17,2,5.5,5.25,1.3,1.42,10,1.3,4,H,H,1,5.59,19,7,D1,4
4.8,1.4,9.5,0,28/09/2018,1.29,14,1.28,0,7.5,1.29,0,Hertha,14,10.39,5.8,1.29,0,10.0,6.47,3,6.0,Bayern Munich,4,1.3,2,1.25,1,5.75,5.75,11.0,12.43,10,9.75,25,H,H,5,6.05,6,2,D1,1
3.5,3.4,2.1,2,29/09/2018,3.46,8,3.4,0,2.1,3.1,0,Hoffenheim,4,2.05,3.8,3.25,0,2.04,3.89,1,3.9,RB Leipzig,6,3.25,0,3.05,3,3.75,3.75,2.1,2.27,14,2.1,18,A,D,7,4.02,13,1,D1,4
3.4,3.8,1.95,1,30/09/2018,4.62,3,4.33,0,2.0,4.0,0,Augsburg,12,1.92,3.3,4.3,0,1.9,3.77,0,3.5,Freiburg,10,4.1,2,4.17,1,3.4,3.4,1.93,1.92,8,1.95,13,H,H,6,3.47,21,4,D1,5
3.4,3.5,2.0,0,05/10/2018,3.93,5,4.0,0,2.1,3.6,0,Werder Bremen,12,2.0,3.5,3.8,0,1.95,3.6,1,3.6,Wolfsburg,5,3.7,1,3.74,2,3.5,3.4,2.0,2.08,13,2.05,10,H,H,4,3.68,15,2,D1,7
6.5,10.0,1.2,3,06/10/2018,14.6,3,13.0,0,1.25,12.0,2,Bayern Munich,7,1.2,7.0,13.0,0,1.2,8.41,2,7.5,M'gladbach,3,11.5,0,17.01,2,7.0,7.0,1.2,1.17,4,1.22,7,A,A,3,7.61,14,0,D1,1
3.4,2.2,3.2,0,07/10/2018,2.2,4,2.14,0,3.3,2.15,0,Freiburg,11,3.4,3.5,2.2,0,3.4,3.64,3,3.5,Leverkusen,1,2.15,0,2.14,1,3.4,3.4,3.3,3.53,12,3.4,14,D,D,0,3.6,7,0,D1,3
3.7,4.7,1.63,1,19/10/2018,5.64,1,5.75,0,1.75,5.0,0,Ein Frankfurt,13,1.65,4.0,5.5,0,1.61,3.6,0,4.0,Fortuna Dusseldorf,13,5.25,3,5.05,2,3.8,4.0,1.65,1.81,12,1.65,10,H,H,5,4.09,21,7,D1,5
3.4,2.3,2.88,0,20/10/2018,2.33,2,2.3,0,3.1,2.3,0,Augsburg,20,3.1,3.6,2.3,0,3.0,3.79,2,3.7,RB Leipzig,0,2.25,0,2.35,5,3.5,3.5,3.0,2.98,24,3.1,15,D,D,3,3.65,6,0,D1,2
3.5,4.1,1.85,1,21/10/2018,4.74,3,4.33,0,1.9,4.33,1,Hertha,12,1.86,3.5,4.5,0,1.85,3.52,2,3.6,Freiburg,5,4.2,1,4.47,0,3.6,3.6,1.85,1.93,14,1.87,8,D,D,3,3.59,13,1,D1,8
3.3,2.2,3.3,1,26/10/2018,2.1,10,2.0,0,3.4,2.1,1,Freiburg,9,3.62,3.6,2.1,0,3.5,3.63,1,3.7,M'gladbach,7,2.1,1,2.14,1,3.6,3.6,3.5,3.54,12,3.4,11,H,D,2,3.66,13,3,D1,3
4.5,7.0,1.42,2,27/10/2018,7.49,2,8.0,0,1.45,6.5,1,Dortmund,7,1.43,4.8,7.5,0,1.4,4.66,2,5.0,Hertha,5,7.25,1,7.04,3,4.75,4.75,1.44,1.48,15,1.42,10,D,D,4,4.96,19,2,D1,8
3.4,2.1,3.3,1,28/10/2018,2.19,6,2.14,0,3.5,2.1,0,Nurnberg,11,3.46,3.5,2.15,0,3.3,3.73,2,3.5,Ein Frankfurt,3,2.15,0,1.93,3,3.5,3.5,3.4,4.17,13,3.3,10,D,D,2,3.57,10,1,D1,8
3.4,2.55,2.9,3,02/11/2018,2.41,3,2.3,0,2.75,2.35,2,Stuttgart,4,3.03,3.5,2.38,0,3.0,3.57,1,3.4,Ein Frankfurt,0,2.4,0,2.41,2,3.5,3.5,3.13,3.03,10,2.9,15,A,A,7,3.57,10,0,D1,1
3.8,5.0,1.6,2,03/11/2018,5.85,6,6.0,0,1.7,5.25,0,Augsburg,16,1.61,4.0,5.75,0,1.6,4.12,3,4.2,Nurnberg,4,5.75,1,5.7,3,3.8,4.0,1.6,1.64,11,1.6,13,D,H,5,4.2,17,2,D1,6
3.3,2.3,2.88,1,04/11/2018,2.44,6,2.37,0,3.15,2.4,0,Mainz,7,3.04,3.4,2.4,0,3.0,3.59,0,3.4,Werder Bremen,6,2.35,1,2.52,2,3.4,3.5,3.0,2.86,8,2.95,14,H,H,4,3.5,13,2,D1,3
3.4,2.4,2.88,1,09/11/2018,2.46,5,2.37,0,2.9,2.4,0,Hannover,14,3.02,3.4,2.5,0,2.9,3.52,4,3.4,Wolfsburg,4,2.45,1,2.45,2,3.3,3.4,2.9,3.0,8,2.9,19,H,H,9,3.47,10,2,D1,3
3.5,2.4,3.2,2,10/11/2018,2.12,6,2.1,0,2.85,2.1,1,Dortmund,4,3.38,3.7,2.1,0,3.1,4.33,3,3.9,Bayern Munich,5,2.15,0,1.88,3,3.8,3.9,3.25,3.86,8,3.0,9,H,A,3,3.87,11,3,D1,0
3.3,2.95,2.25,0,11/11/2018,3.4,4,3.4,0,2.4,3.2,0,Ein Frankfurt,7,2.27,3.3,3.3,0,2.2,3.36,0,3.4,Schalke 04,4,3.1,0,3.04,2,3.3,3.4,2.25,2.51,13,2.3,5,H,D,1,3.45,14,3,D1,10
4.3,5.5,1.5,0,23/11/2018,6.44,9,6.0,0,1.57,6.0,0,Leverkusen,13,1.51,4.4,6.25,0,1.5,4.69,3,4.5,Stuttgart,4,5.75,0,6.03,3,4.5,4.33,1.53,1.53,8,1.55,10,H,D,2,4.65,17,2,D1,6
3.4,2.65,2.6,3,24/11/2018,2.56,5,2.62,0,2.65,2.5,1,Augsburg,3,2.74,3.6,2.55,0,2.62,3.54,1,3.7,Ein Frankfurt,10,2.6,0,2.54,2,3.5,3.5,2.63,2.87,12,2.6,15,A,A,7,3.71,25,1,D1,8
3.4,2.55,2.7,1,25/11/2018,2.62,3,2.5,0,2.75,2.55,0,Freiburg,6,2.81,3.4,2.55,0,2.87,3.4,0,3.4,Werder Bremen,9,2.5,1,2.75,2,3.3,3.5,2.8,2.73,10,2.75,19,D,H,8,3.48,23,1,D1,6
3.2,2.7,2.7,1,30/11/2018,2.65,5,2.6,0,2.7,2.55,0,Fortuna Dusseldorf,8,2.76,3.4,2.63,0,2.7,3.53,1,3.4,Mainz,7,2.7,0,2.77,1,3.3,3.3,2.75,2.63,7,2.65,15,A,D,3,3.51,20,0,D1,12
5.6,9.5,1.29,0,01/12/2018,10.51,3,11.0,0,1.3,10.0,0,Dortmund,6,1.31,5.5,11.0,0,1.28,5.8,1,5.75,Freiburg,4,11.0,1,9.8,1,5.5,5.5,1.3,1.32,11,1.28,5,H,H,1,5.64,11,2,D1,2
3.7,4.8,1.78,2,02/12/2018,4.51,3,4.1,0,1.75,4.33,1,Ein Frankfurt,10,1.87,3.7,4.33,0,1.8,3.62,3,3.9,Wolfsburg,2,4.2,0,3.89,7,4.0,3.7,1.8,2.03,9,1.85,10,A,A,3,3.7,13,1,D1,9
3.7,1.85,4.33,1,03/12/2018,1.8,6,1.8,0,4.1,1.75,1,Nurnberg,14,4.46,3.9,1.8,0,4.2,4.06,3,4.0,Leverkusen,4,1.78,0,1.72,2,4.0,3.9,4.2,5.0,10,4.33,20,D,A,6,4.02,11,1,D1,3
3.8,4.6,1.7,1,07/12/2018,5.01,4,4.5,0,1.75,4.8,1,Werder Bremen,13,1.75,3.8,4.6,0,1.72,3.74,3,4.0,Fortuna Dusseldorf,9,4.75,1,4.49,4,4.0,4.0,1.75,1.86,18,1.7,12,H,D,3,3.91,22,3,D1,6
9.5,25.0,1.07,0,08/12/2018,32.32,1,34.0,0,1.1,34.0,0,Bayern Munich,9,1.09,10.0,36.0,0,1.08,12.59,1,12.0,Nurnberg,8,29.0,2,32.84,0,11.0,10.5,1.07,1.09,6,1.09,4,H,H,1,11.83,20,3,D1,11
3.5,3.7,1.91,1,09/12/2018,4.16,1,4.0,0,2.0,4.0,1,Mainz,12,1.99,3.5,3.8,1,1.9,3.63,4,3.7,Hannover,5,4.0,0,4.35,3,3.6,3.6,1.95,1.92,9,1.91,11,D,A,3,3.51,28,1,D1,9
3.4,2.15,3.6,2,14/12/2018,2.1,3,2.04,0,3.4,2.05,0,Nurnberg,13,3.76,3.4,2.1,0,3.6,3.53,2,3.5,Wolfsburg,0,2.1,0,2.11,1,3.5,3.4,3.6,3.72,13,3.6,10,A,D,4,3.51,11,0,D1,6
3.4,2.65,2.5,1,15/12/2018,2.92,7,2.9,0,2.65,2.8,0,Augsburg,17,2.57,3.3,2.88,0,2.5,3.42,2,3.3,Schalke 04,9,2.8,1,2.77,1,3.25,3.3,2.55,2.69,8,2.55,15,D,H,5,3.41,17,1,D1,6
3.5,2.85,2.3,1,16/12/2018,2.99,7,2.87,0,2.4,2.88,0,Ein Frankfurt,9,2.38,3.6,2.9,0,2.4,3.87,6,3.6,Leverkusen,7,2.9,1,2.72,2,3.5,3.5,2.4,2.51,8,2.4,12,H,H,6,3.71,17,2,D1,10
4.5,1.45,7.0,1,18/12/2018,1.48,2,1.44,0,7.0,1.44,0,Fortuna Dusseldorf,8,7.12,4.4,1.5,0,7.0,4.58,1,4.6,Dortmund,3,1.45,1,1.55,2,4.5,4.6,6.5,6.06,13,7.0,11,H,H,3,4.63,8,2,D1,2
4.5,7.0,1.35,0,19/12/2018,8.21,5,8.0,1,1.45,8.0,0,Bayern Munich,9,1.38,5.25,8.0,1,1.36,5.84,2,5.5,RB Leipzig,4,8.0,0,10.45,2,5.25,5.25,1.36,1.3,20,1.36,8,H,D,2,5.36,10,1,D1,5
4.5,5.2,1.53,1,21/12/2018,5.67,2,5.75,0,1.57,5.5,1,Dortmund,5,1.56,4.4,5.75,0,1.5,4.92,0,4.6,M'gladbach,4,5.25,1,6.28,1,4.5,4.4,1.55,1.5,12,1.57,3,H,D,2,4.65,12,2,D1,4
4.7,1.5,5.8,3,22/12/2018,1.54,4,1.5,0,5.7,1.5,1,Ein Frankfurt,9,5.97,4.6,1.53,0,5.75,5.3,2,4.8,Bayern Munich,3,1.5,0,1.44,1,4.75,4.6,5.75,6.62,4,6.0,9,A,A,7,4.67,10,0,D1,3
3.2,2.7,2.55,3,23/12/2018,2.93,4,2.75,0,2.7,2.8,2,Augsburg,12,2.64,3.2,2.88,0,2.6,3.35,2,3.3,Wolfsburg,4,2.75,0,2.81,3,3.3,3.4,2.55,2.7,11,2.55,16,A,A,5,3.28,10,2,D1,3
4.2,1.6,6.5,3,18/01/2019,1.48,6,1.44,0,5.3,1.44,2,Hoffenheim,13,6.52,4.75,1.45,0,6.0,5.11,3,5.0,Bayern Munich,5,1.48,0,1.48,2,5.0,4.75,6.5,6.25,9,6.25,21,A,A,9,4.94,13,1,D1,2
3.4,3.8,1.88,2,19/01/2019,4.21,3,4.0,0,2.0,4.0,1,Augsburg,13,1.91,3.6,3.9,0,1.9,3.59,3,3.8,Fortuna Dusseldorf,6,4.33,0,3.58,1,3.6,3.6,1.93,2.14,9,1.85,11,A,A,3,3.76,13,1,D1,5
3.3,2.3,3.3,3,20/01/2019,2.2,4,2.1,0,3.15,2.2,1,Nurnberg,13,3.53,3.3,2.2,0,3.5,3.47,2,3.4,Hertha,3,2.25,1,2.42,1,3.4,3.4,3.4,3.09,9,3.2,16,A,D,8,3.47,14,1,D1,4
3.2,2.7,2.55,2,25/01/2019,2.91,6,2.87,0,2.7,2.8,2,Hertha,15,2.65,3.2,2.9,0,2.5,3.26,2,3.25,Schalke 04,4,2.8,2,2.93,1,3.25,3.2,2.6,2.65,10,2.6,14,D,D,7,3.3,11,2,D1,3
7.5,15.0,1.15,1,26/01/2019,16.2,3,15.0,0,1.17,17.0,0,Dortmund,7,1.17,7.5,19.0,0,1.16,8.09,1,8.0,Hannover,9,15.5,1,17.17,1,7.5,7.75,1.15,1.17,10,1.17,11,H,H,3,8.22,18,5,D1,6
9.1,28.0,1.07,1,27/01/2019,23.85,1,21.0,0,1.1,26.0,1,Bayern Munich,9,1.11,11.0,26.0,0,1.08,11.41,1,12.0,Stuttgart,6,23.0,1,29.05,1,13.0,11.5,1.09,1.1,9,1.09,7,H,D,2,11.23,19,4,D1,8
4.2,1.55,5.5,3,01/02/2019,1.57,7,1.53,0,5.8,1.53,1,Hannover,14,5.83,4.33,1.55,0,5.5,4.01,2,4.6,RB Leipzig,1,1.53,0,1.7,2,4.33,4.4,5.75,5.23,17,6.0,19,A,A,8,4.51,5,0,D1,0
3.5,2.1,3.2,1,02/02/2019,2.19,4,2.15,0,3.4,2.15,1,Ein Frankfurt,15,3.32,3.6,2.2,0,3.3,3.8,2,3.8,Dortmund,7,2.15,1,2.17,2,3.6,3.6,3.1,3.31,6,3.25,13,D,D,4,3.72,12,1,D1,6
3.4,3.3,2.2,0,03/02/2019,3.43,3,3.4,0,2.2,3.2,0,Augsburg,18,2.18,3.4,3.3,0,2.1,3.63,0,3.5,Mainz,8,3.2,2,3.18,1,3.5,3.4,2.2,2.3,10,2.25,6,H,H,0,3.63,19,3,D1,7
3.5,2.0,3.75,5,08/02/2019,1.93,4,1.9,0,3.7,1.95,4,Mainz,13,3.9,3.8,1.95,0,3.8,4.28,3,3.9,Leverkusen,2,1.87,1,1.78,1,3.8,4.0,3.7,4.29,5,3.75,18,A,A,7,3.93,15,1,D1,4
7.0,11.0,1.22,1,09/02/2019,14.28,2,13.0,0,1.22,15.0,1,Bayern Munich,8,1.23,6.5,13.0,0,1.2,6.49,1,7.0,Schalke 04,4,12.5,2,12.92,2,7.0,6.75,1.22,1.25,9,1.22,7,H,H,5,6.48,17,3,D1,7
3.4,3.5,2.15,0,10/02/2019,3.6,4,3.5,0,2.1,3.6,0,Fortuna Dusseldorf,18,2.21,3.4,3.5,1,2.1,3.5,3,3.5,Stuttgart,6,3.5,1,3.53,4,3.5,3.5,2.15,2.19,8,2.1,15,H,H,2,3.4,15,3,D1,5
5.8,1.3,12.0,3,15/02/2019,1.22,9,1.2,0,9.0,1.22,2,Augsburg,13,12.19,7.0,1.22,0,15.0,8.16,1,7.0,Bayern Munich,2,1.2,2,1.19,2,6.0,7.0,13.0,13.41,12,13.5,17,A,D,8,7.4,8,2,D1,1
3.5,2.9,2.4,1,16/02/2019,3.01,3,2.9,0,2.35,3.0,0,Hertha,16,2.46,3.4,2.9,0,2.4,3.4,3,3.5,Werder Bremen,2,2.8,1,2.89,3,3.5,3.6,2.45,2.61,11,2.4,8,D,H,2,3.49,11,1,D1,4
3.5,2.9,2.3,1,17/02/2019,3.08,7,3.0,0,2.35,3.0,0,Ein Frankfurt,12,2.32,3.6,2.9,0,2.3,3.56,3,3.75,M'gladbach,3,3.0,1,3.23,1,3.6,3.6,2.3,2.3,8,2.3,14,D,H,5,3.71,12,1,D1,8
4.8,1.45,8.0,0,18/02/2019,1.44,11,1.4,0,6.5,1.4,0,Nurnberg,8,7.68,4.8,1.45,0,7.5,4.26,1,4.8,Dortmund,2,1.42,0,1.58,1,5.0,5.0,7.0,6.11,9,7.0,17,D,D,6,4.83,7,0,D1,3
4.2,5.3,1.57,1,22/02/2019,5.62,2,5.75,0,1.6,5.8,1,Werder Bremen,7,1.6,4.2,5.75,0,1.53,4.42,1,4.4,Stuttgart,4,5.5,1,5.57,3,4.33,4.25,1.57,1.6,9,1.57,8,D,D,3,4.39,15,1,D1,4
7.0,13.0,1.2,0,23/02/2019,15.65,3,17.0,0,1.2,15.0,0,Bayern Munich,12,1.21,6.5,13.0,1,1.18,7.24,2,7.0,Hertha,4,15.0,0,14.46,0,7.0,7.0,1.22,1.21,6,1.19,9,H,D,2,7.0,12,1,D1,11
4.0,3.9,1.8,2,24/02/2019,4.14,8,4.0,0,1.83,4.2,1,Dortmund,10,1.85,4.0,3.9,0,1.8,3.82,1,4.2,Leverkusen,4,3.9,2,3.85,2,4.2,3.9,1.83,1.98,9,1.85,13,H,H,4,4.06,9,3,D1,3
4.1,3.9,1.8,1,25/02/2019,4.11,4,4.0,0,1.8,4.0,1,RB Leipzig,16,1.83,4.0,3.9,0,1.8,4.01,0,4.2,Hoffenheim,4,4.0,0,3.95,1,4.0,3.9,1.83,1.91,21,1.83,7,D,A,4,4.24,15,1,D1,6
4.0,1.57,6.0,1,01/03/2019,1.55,4,1.53,0,6.0,1.53,0,Augsburg,15,6.26,4.33,1.55,0,5.75,4.18,1,4.33,Dortmund,4,1.57,1,1.62,2,4.5,4.25,6.25,5.81,11,5.5,18,H,H,8,4.43,9,2,D1,1
3.5,2.9,2.3,2,02/03/2019,2.94,3,2.8,0,2.35,2.88,1,Ein Frankfurt,8,2.33,3.75,2.88,1,2.37,3.88,0,3.8,Hoffenheim,10,2.85,1,2.76,3,3.75,3.75,2.3,2.47,16,2.3,20,H,D,7,3.9,18,3,D1,4
3.95,4.7,1.7,1,03/03/2019,5.14,0,4.5,0,1.7,4.75,0,Stuttgart,15,1.72,4.0,4.75,0,1.72,3.95,2,4.0,Hannover,8,4.6,3,5.17,2,4.0,4.0,1.73,1.72,16,1.72,3,H,H,1,3.95,14,5,D1,7
3.5,3.75,2.1,2,08/03/2019,3.73,5,3.6,0,2.0,3.6,1,Werder Bremen,17,2.16,3.4,3.6,0,2.05,3.48,2,3.5,Schalke 04,7,3.75,1,3.5,1,3.5,3.5,2.1,2.21,10,2.0,14,H,D,8,3.38,20,4,D1,4
6.1,11.0,1.24,0,09/03/2019,12.61,2,10.0,0,1.25,12.0,0,Bayern Munich,9,1.24,6.5,11.5,0,1.25,6.98,0,6.5,Wolfsburg,12,12.5,2,13.38,1,6.5,6.5,1.25,1.22,6,1.22,4,H,H,1,6.7,22,6,D1,7
5.1,1.4,8.5,3,10/03/2019,1.39,6,1.3,0,7.0,1.35,2,Hannover,14,8.15,5.25,1.36,0,8.5,5.27,3,5.5,Leverkusen,5,1.36,0,1.4,1,5.75,5.25,8.0,7.65,15,7.75,15,A,A,5,5.29,11,2,D1,6
3.55,2.5,2.7,3,11/03/2019,2.55,5,2.55,0,2.7,2.5,0,Fortuna Dusseldorf,9,2.73,3.6,2.55,0,2.75,3.59,1,3.6,Ein Frankfurt,3,2.5,0,2.62,2,3.4,3.6,2.7,2.74,14,2.7,15,A,D,6,3.74,7,0,D1,1
4.0,5.5,1.55,1,15/03/2019,6.14,6,6.25,0,1.6,6.0,1,M'gladbach,10,1.57,4.2,5.75,0,1.53,4.05,0,4.2,Freiburg,2,5.5,1,5.83,3,3.9,4.1,1.6,1.64,13,1.6,10,D,D,2,4.29,13,1,D1,10
4.0,5.5,1.65,1,16/03/2019,5.55,3,5.0,0,1.6,5.0,1,Augsburg,11,1.68,4.2,5.0,0,1.61,4.19,1,4.4,Hannover,10,5.25,0,5.53,4,4.33,4.2,1.65,1.64,10,1.62,13,H,A,4,3.92,22,3,D1,2
8.0,17.0,1.12,0,17/03/2019,23.1,2,17.0,0,1.15,23.0,0,Bayern Munich,7,1.13,8.5,23.0,0,1.12,9.62,1,9.5,Mainz,11,19.0,3,25.37,0,9.0,9.0,1.13,1.12,5,1.13,7,H,H,1,9.23,22,6,D1,13
3.6,2.8,2.38,1,29/03/2019,2.75,7,2.7,0,2.4,2.7,1,Hoffenheim,8,2.45,3.9,2.7,0,2.37,4.01,2,4.0,Leverkusen,5,2.85,1,2.87,2,3.8,3.9,2.4,2.34,6,2.25,18,H,D,6,3.96,13,4,D1,4
4.5,6.0,1.5,0,30/03/2019,6.72,4,6.5,0,1.5,6.5,0,Dortmund,11,1.51,4.4,6.25,0,1.5,4.47,0,4.6,Wolfsburg,5,6.25,0,7.23,3,4.33,4.5,1.53,1.5,13,1.5,7,H,D,3,4.56,11,2,D1,5
4.5,7.0,1.44,0,31/03/2019,7.1,5,6.5,0,1.45,7.0,0,Ein Frankfurt,13,1.47,4.75,6.5,0,1.44,4.63,2,5.0,Stuttgart,5,6.0,1,6.35,1,5.0,4.75,1.45,1.52,10,1.48,10,H,H,3,4.7,11,3,D1,5
3.4,3.2,2.2,0,05/04/2019,3.42,7,3.4,0,2.25,3.3,0,Mainz,17,2.23,3.4,3.3,0,2.2,3.6,3,3.5,Freiburg,5,3.3,3,3.5,1,3.3,3.4,2.25,2.16,7,2.2,17,H,H,5,3.51,9,5,D1,2
4.5,4.5,1.52,0,06/04/2019,6.02,1,5.25,0,1.65,5.8,0,Bayern Munich,9,1.53,4.5,5.5,0,1.53,5.13,1,4.8,Dortmund,10,5.0,4,7.02,2,4.75,5.0,1.53,1.46,12,1.55,5,H,H,1,4.72,22,5,D1,11
4.15,1.87,3.7,4,07/04/2019,1.91,3,1.83,0,3.65,1.85,1,Augsburg,9,3.73,4.2,1.87,0,3.6,4.33,1,4.2,Hoffenheim,0,1.85,0,1.82,1,4.33,4.25,3.7,4.06,10,3.7,18,A,A,9,4.27,8,0,D1,4
3.2,2.3,3.3,1,12/04/2019,2.3,9,2.25,0,3.25,2.25,0,Nurnberg,12,3.39,3.3,2.3,0,3.4,3.43,1,3.3,Schalke 04,6,2.25,0,2.26,2,3.25,3.3,3.3,3.42,13,3.3,16,D,D,2,3.38,17,1,D1,11
5.8,9.0,1.29,1,13/04/2019,10.65,4,9.5,0,1.3,10.0,0,Dortmund,10,1.31,5.8,9.5,0,1.3,6.22,0,6.0,Mainz,7,9.5,2,10.69,1,5.75,5.75,1.3,1.28,6,1.3,17,H,H,9,5.73,11,2,D1,4
4.55,5.9,1.5,3,14/04/2019,6.34,2,6.5,1,1.5,6.0,2,Ein Frankfurt,17,1.53,4.6,6.0,0,1.45,4.83,3,4.8,Augsburg,4,6.5,1,7.09,1,4.5,4.6,1.5,1.46,9,1.48,18,A,A,6,4.56,17,1,D1,8
3.6,3.5,2.05,0,20/04/2019,3.84,4,3.6,0,2.05,3.6,0,Augsburg,13,2.1,3.5,3.5,0,2.05,3.43,0,3.7,Stuttgart,13,3.6,3,3.1,0,3.5,3.4,2.05,2.44,6,2.0,14,H,H,4,3.46,24,6,D1,9
4.4,1.55,6.0,4,21/04/2019,1.57,3,1.53,0,5.6,1.53,1,Freiburg,10,6.06,4.33,1.55,0,6.0,4.89,2,4.4,Dortmund,2,1.55,0,1.49,0,4.33,4.2,6.0,6.37,6,5.5,10,A,A,6,4.37,9,0,D1,5
3.4,2.65,2.62,1,22/04/2019,2.67,6,2.55,0,2.65,2.6,0,Wolfsburg,10,2.7,3.5,2.63,0,2.55,3.77,2,3.5,Ein Frankfurt,8,2.6,0,2.36,3,3.6,3.5,2.63,2.97,8,2.5,12,D,D,3,3.57,21,1,D1,13
4.1,1.75,4.4,4,26/04/2019,1.71,3,1.66,0,4.2,1.7,1,Augsburg,11,4.66,4.2,1.73,0,4.5,4.29,1,4.33,Leverkusen,2,1.67,1,1.69,0,4.33,4.4,4.4,4.87,8,4.5,13,A,D,7,4.35,8,1,D1,3
5.5,8.4,1.3,4,27/04/2019,10.11,4,9.0,2,1.33,10.0,2,Dortmund,9,1.33,5.5,9.5,0,1.3,4.63,0,5.5,Schalke 04,2,10.0,1,7.13,6,5.5,5.5,1.33,1.48,18,1.3,8,A,A,4,5.54,8,2,D1,2
5.0,5.4,1.47,4,28/04/2019,5.72,3,6.0,0,1.5,5.8,1,Hoffenheim,13,1.5,5.0,6.0,0,1.45,5.23,2,5.0,Wolfsburg,7,5.5,1,6.62,2,4.75,5.0,1.5,1.45,9,1.5,22,A,D,10,5.25,19,1,D1,9
4.1,1.75,4.5,3,03/05/2019,1.74,4,1.7,0,4.2,1.73,2,Mainz,14,4.67,4.0,1.75,0,4.5,4.28,1,4.2,RB Leipzig,6,1.7,1,1.7,1,4.2,4.1,4.5,4.79,12,4.5,15,D,A,5,4.21,14,3,D1,6
15.0,37.0,1.02,1,04/05/2019,,0,34.0,0,1.05,51.0,0,Bayern Munich,9,,19.0,46.0,1,1.03,,0,23.0,Hannover,14,41.0,2,,3,21.0,17.5,1.03,,5,1.03,2,H,H,1,,27,3,D1,11
3.65,3.2,2.15,1,05/05/2019,3.22,4,3.2,1,2.15,3.25,1,Freiburg,12,2.22,3.6,3.2,0,2.1,3.74,2,3.75,Fortuna Dusseldorf,3,3.3,1,3.12,3,3.75,3.7,2.15,2.29,11,2.1,16,D,D,3,3.8,9,1,D1,5
3.7,2.8,2.38,4,11/05/2019,2.93,9,2.8,0,2.4,2.88,0,Augsburg,11,2.41,3.6,2.8,0,2.4,3.76,0,3.75,Hertha,3,2.85,1,2.71,1,3.6,3.7,2.45,2.57,4,2.35,24,A,H,8,3.72,5,3,D1,1
4.55,4.85,1.6,2,12/05/2019,5.26,6,5.25,0,1.6,5.0,0,Ein Frankfurt,10,1.61,4.4,5.0,0,1.6,4.76,1,4.6,Mainz,4,5.25,0,5.93,1,4.2,4.6,1.62,1.53,20,1.55,15,A,D,4,4.55,13,0,D1,9
5.5,9.6,1.25,1,18/05/2019,11.22,3,10.0,0,1.3,12.0,0,Bayern Munich,7,1.27,6.0,11.5,0,1.25,5.75,2,6.5,Ein Frankfurt,14,11.0,1,10.18,2,6.5,6.25,1.25,1.31,13,1.25,6,H,H,2,6.22,23,5,D1,5
6.1,11.0,1.18,2,16/08/2019,15.3,0,15.0,0,1.25,15.0,2,Bayern Munich,6,1.19,7.5,15.0,0,1.14,8.49,3,8.0,Hertha,7,16.0,1,17.38,3,8.0,7.0,1.18,1.18,17,1.18,6,D,A,3,7.73,17,2,D1,12
6.1,11.0,1.2,1,17/08/2019,13.52,0,13.0,0,1.25,15.0,1,Dortmund,8,1.23,6.5,15.0,0,1.2,8.37,0,6.5,Augsburg,10,12.5,1,20.11,0,7.0,6.5,1.22,1.16,6,1.22,5,H,D,1,6.76,23,5,D1,10
3.75,2.9,2.3,0,18/08/2019,3.01,5,3.0,0,2.3,3.0,0,Ein Frankfurt,16,2.33,3.6,2.9,0,2.25,3.81,3,3.7,Hoffenheim,8,2.95,1,3.36,1,3.6,3.5,2.3,2.13,9,2.35,10,H,H,1,3.72,17,1,D1,10
4.3,1.5,6.0,3,23/08/2019,1.5,8,1.44,0,6.5,1.5,0,FC Koln,11,6.44,4.6,1.5,0,6.5,4.57,2,4.8,Dortmund,1,1.42,1,1.55,1,4.75,4.75,6.25,6.21,10,6.5,14,A,H,6,4.79,13,1,D1,7
3.4,3.25,2.25,1,24/08/2019,3.37,4,3.3,0,2.2,3.3,0,Augsburg,16,2.31,3.3,3.3,1,2.2,3.35,3,3.4,Union Berlin,4,3.2,0,3.02,1,3.4,3.3,2.25,2.5,19,2.2,13,D,D,1,3.34,12,1,D1,3
4.7,5.9,1.5,1,25/08/2019,6.28,1,6.0,0,1.5,6.0,0,RB Leipzig,10,1.51,4.6,6.25,0,1.5,5.13,2,4.6,Ein Frankfurt,5,6.0,1,7.1,3,4.5,4.6,1.5,1.43,13,1.45,11,H,H,5,4.75,13,2,D1,4
3.5,2.1,3.25,3,30/08/2019,2.15,5,2.05,0,3.4,2.1,1,M'gladbach,17,3.31,3.75,2.15,0,3.2,3.72,3,3.8,RB Leipzig,3,2.1,0,2.28,2,4.0,3.8,3.25,3.1,19,3.2,14,A,A,6,3.81,11,1,D1,9
9.0,20.0,1.07,1,31/08/2019,28.11,1,26.0,0,1.12,34.0,1,Bayern Munich,16,1.1,11.0,36.0,0,1.08,11.6,3,12.0,Mainz,10,26.0,2,25.42,3,11.0,10.5,1.06,1.11,12,1.09,7,H,H,4,11.84,19,6,D1,10
4.15,4.55,1.7,2,01/09/2019,4.98,2,4.5,0,1.7,4.8,1,Werder Bremen,9,1.72,4.0,4.8,1,1.72,4.49,1,4.1,Augsburg,5,5.0,2,5.72,4,4.0,4.1,1.7,1.57,11,1.65,12,H,H,6,4.02,15,3,D1,4
3.4,2.3,3.0,1,13/09/2019,2.3,8,2.25,0,3.05,2.25,1,Fortuna Dusseldorf,7,3.08,3.7,2.3,0,3.1,3.78,0,3.7,Wolfsburg,3,2.3,1,2.22,2,3.5,3.6,3.0,3.18,14,2.95,15,D,D,6,3.69,12,1,D1,3
3.5,2.1,3.5,1,14/09/2019,2.05,11,2.05,0,3.4,2.05,0,Augsburg,8,3.6,3.6,2.1,0,3.5,4.02,2,3.8,Ein Frankfurt,6,2.0,2,1.91,1,3.6,3.75,3.3,3.91,8,3.5,23,H,H,3,3.8,9,2,D1,2
4.0,4.7,1.67,3,15/09/2019,4.7,4,4.5,0,1.7,4.75,2,Hoffenheim,10,1.7,4.2,4.75,0,1.7,3.66,0,4.2,Freiburg,5,4.5,0,3.93,2,4.2,4.2,1.7,2.0,6,1.7,16,A,A,8,4.32,22,0,D1,12
4.1,4.9,1.65,1,20/09/2019,5.33,5,5.0,0,1.67,5.25,0,Schalke 04,7,1.65,4.0,5.0,0,1.61,4.1,1,4.2,Mainz,6,5.25,1,5.24,1,4.2,3.9,1.65,1.68,15,1.65,14,H,H,3,4.16,19,2,D1,5
9.3,18.5,1.11,0,21/09/2019,23.05,4,21.0,0,1.12,23.0,0,Bayern Munich,15,1.13,9.0,21.0,1,1.11,10.38,4,10.0,FC Koln,5,19.5,1,25.44,0,10.0,9.0,1.11,1.12,20,1.13,16,H,H,2,9.47,24,4,D1,12
4.15,4.55,1.67,1,22/09/2019,4.95,4,5.0,0,1.67,4.75,1,M'gladbach,14,1.71,4.2,4.75,0,1.66,3.94,2,4.2,Fortuna Dusseldorf,11,5.0,0,4.6,3,4.0,4.0,1.7,1.79,11,1.67,18,H,A,4,4.07,23,2,D1,10
3.9,3.6,1.95,1,23/09/2019,3.9,6,3.75,0,1.93,3.75,1,Wolfsburg,11,1.97,3.75,3.6,0,1.95,3.78,2,3.9,Hoffenheim,4,3.5,1,3.37,4,3.75,3.9,2.0,2.13,18,1.95,11,D,D,5,3.82,12,1,D1,4
3.5,2.3,3.0,2,27/09/2019,2.32,5,2.3,0,3.0,2.3,0,Union Berlin,11,3.03,3.6,2.3,0,3.0,3.53,1,3.7,Ein Frankfurt,5,2.3,0,2.43,1,3.5,3.6,2.9,2.99,12,3.0,14,A,D,6,3.71,12,1,D1,4
4.5,1.63,4.75,3,28/09/2019,1.65,3,1.6,0,4.55,1.63,1,Augsburg,16,4.79,4.4,1.65,0,5.0,4.25,4,4.6,Leverkusen,1,1.6,0,1.78,0,4.5,4.5,4.5,4.32,9,5.0,11,A,A,5,4.65,8,0,D1,1
3.55,2.75,2.45,2,29/09/2019,2.79,1,2.87,0,2.45,2.75,1,Fortuna Dusseldorf,9,2.5,3.6,2.8,0,2.37,3.48,2,3.6,Freiburg,7,2.9,1,2.79,2,3.4,3.5,2.45,2.6,9,2.4,9,A,D,3,3.68,17,1,D1,5
3.7,4.4,1.67,1,04/10/2019,5.12,2,4.75,0,1.8,5.0,1,Hertha,17,1.68,4.0,4.8,0,1.65,4.29,3,4.2,Fortuna Dusseldorf,3,4.75,2,5.0,3,4.0,4.2,1.67,1.67,18,1.67,9,H,H,3,4.17,16,3,D1,9
10.0,20.0,1.1,2,05/10/2019,26.13,3,26.0,0,1.11,23.0,0,Bayern Munich,8,1.1,10.0,26.0,0,1.11,11.32,2,10.5,Hoffenheim,4,18.5,0,23.47,0,9.0,10.0,1.1,1.11,12,1.12,8,A,D,5,10.81,20,1,D1,9
4.55,5.5,1.52,1,06/10/2019,5.95,7,6.5,0,1.55,5.8,0,M'gladbach,9,1.54,4.5,5.4,0,1.5,4.58,1,4.6,Augsburg,9,6.0,4,5.79,2,4.33,4.4,1.5,1.56,9,1.53,13,H,H,3,4.66,13,5,D1,2
3.6,2.4,2.88,0,18/10/2019,2.34,1,2.3,0,2.8,2.3,0,Ein Frankfurt,11,2.9,3.75,2.3,0,2.75,3.85,1,3.9,Leverkusen,5,2.3,2,2.43,1,3.9,3.75,2.8,2.79,12,2.85,19,H,H,10,3.89,10,3,D1,4
7.0,1.2,17.0,2,19/10/2019,1.16,7,1.16,0,13.0,1.15,1,Augsburg,10,16.25,8.0,1.17,0,15.0,9.57,3,8.5,Bayern Munich,7,1.17,1,1.13,3,8.0,7.75,13.0,19.86,6,16.0,24,D,D,9,8.41,9,2,D1,3
4.0,4.3,1.65,0,20/10/2019,4.65,9,4.33,0,1.75,4.6,0,FC Koln,6,1.69,4.33,4.2,0,1.65,4.44,0,4.4,Paderborn,6,4.6,1,4.35,0,4.5,4.2,1.65,1.74,7,1.67,9,H,H,1,4.42,16,3,D1,6
3.35,2.7,2.5,1,25/10/2019,2.74,10,2.62,0,2.6,2.7,1,Mainz,20,2.59,3.6,2.7,0,2.5,3.76,2,3.6,FC Koln,6,2.7,1,2.67,2,3.6,3.5,2.5,2.57,9,2.55,16,H,D,8,3.58,18,3,D1,5
9.0,20.0,1.1,1,26/10/2019,22.05,2,19.0,0,1.12,21.0,0,Bayern Munich,9,1.11,11.0,21.0,0,1.09,10.96,0,11.5,Union Berlin,10,16.5,1,23.13,1,12.0,11.0,1.1,1.11,15,1.11,6,H,H,4,10.36,21,2,D1,8
4.15,5.5,1.57,0,27/10/2019,5.95,3,5.5,0,1.6,5.8,0,Wolfsburg,12,1.59,4.2,5.2,0,1.57,4.13,0,4.3,Augsburg,3,5.25,0,5.52,0,4.33,4.33,1.55,1.64,13,1.6,10,D,D,5,4.24,14,0,D1,5
4.75,6.5,1.42,0,01/11/2019,6.54,4,7.0,0,1.45,7.0,0,Hoffenheim,7,1.45,5.0,6.5,0,1.4,5.06,0,5.0,Paderborn,7,6.5,3,6.51,1,4.75,4.75,1.44,1.47,12,1.45,9,H,H,2,5.16,12,3,D1,4
4.2,5.9,1.5,0,02/11/2019,6.67,2,6.5,0,1.55,6.5,0,Dortmund,12,1.56,4.33,5.75,0,1.5,4.38,1,4.5,Wolfsburg,8,6.5,0,6.78,3,4.5,4.33,1.53,1.52,18,1.5,12,H,D,3,4.14,17,3,D1,7
3.65,2.45,2.7,0,03/11/2019,2.51,4,2.5,0,2.7,2.5,0,Fortuna Dusseldorf,10,2.77,3.6,2.4,0,2.8,3.46,1,3.7,FC Koln,3,2.45,1,2.48,3,3.4,3.7,2.63,2.96,20,2.7,8,H,H,1,3.69,9,2,D1,3
3.5,2.6,2.55,2,08/11/2019,2.69,7,2.7,0,2.6,2.62,0,FC Koln,21,2.62,3.6,2.63,0,2.5,3.81,4,3.6,Hoffenheim,3,2.6,1,3.03,3,3.6,3.6,2.6,2.29,14,2.6,15,A,H,5,3.62,11,1,D1,5
3.85,1.85,4.0,4,09/11/2019,1.86,5,1.8,0,4.0,1.85,2,Hertha,12,4.19,3.8,1.85,0,4.2,4.3,2,4.0,RB Leipzig,3,1.8,1,1.72,1,4.0,3.9,3.9,4.56,12,4.2,10,A,A,7,3.93,7,2,D1,0
4.15,4.4,1.75,1,10/11/2019,4.47,8,4.33,1,1.73,4.33,0,M'gladbach,17,1.75,4.0,4.1,0,1.72,3.88,5,4.2,Werder Bremen,7,4.5,2,3.56,4,4.1,4.0,1.7,2.04,11,1.72,16,H,H,7,4.21,17,3,D1,3
8.0,14.0,1.15,3,22/11/2019,17.75,2,15.0,0,1.17,17.0,3,Dortmund,8,1.15,8.0,15.0,0,1.14,8.25,3,9.0,Paderborn,7,16.5,0,16.56,1,9.0,8.5,1.15,1.16,7,1.15,10,D,A,4,8.81,18,3,D1,10
3.7,3.55,2.0,2,23/11/2019,3.68,1,3.6,0,2.0,3.6,1,Ein Frankfurt,13,2.04,3.7,3.5,1,2.0,3.61,3,3.7,Wolfsburg,9,3.6,0,3.52,5,3.6,3.7,2.05,2.13,22,2.0,9,A,A,6,3.76,17,0,D1,12
3.5,2.6,2.6,0,24/11/2019,2.67,3,2.62,0,2.6,2.62,0,Augsburg,8,2.62,3.5,2.55,1,2.62,3.68,0,3.6,Hertha,5,2.65,2,2.6,2,3.5,3.6,2.5,2.68,18,2.55,5,H,H,1,3.66,14,4,D1,3
3.8,5.0,1.7,1,29/11/2019,5.15,4,4.75,0,1.7,5.0,1,Schalke 04,12,1.74,3.8,4.6,0,1.66,3.78,1,4.0,Union Berlin,8,5.0,1,5.4,4,4.0,4.0,1.73,1.72,13,1.67,17,H,D,7,3.82,17,2,D1,7
3.6,3.6,1.88,1,30/11/2019,4.03,8,3.5,1,2.0,3.9,1,FC Koln,15,1.91,3.8,3.75,1,1.95,3.79,8,4.0,Augsburg,6,3.7,0,3.69,3,4.0,3.8,1.9,2.03,17,1.95,11,D,A,4,3.89,13,1,D1,4
4.4,5.5,1.57,2,01/12/2019,5.58,3,6.0,0,1.57,5.5,1,M'gladbach,13,1.58,4.33,5.2,0,1.53,4.42,3,4.4,Freiburg,13,5.5,1,6.22,2,4.2,4.33,1.53,1.55,15,1.57,13,H,D,5,4.56,22,4,D1,2
3.55,2.4,2.8,1,02/12/2019,2.45,6,2.37,0,2.8,2.4,1,Mainz,13,2.91,3.6,2.3,1,2.8,3.91,1,3.75,Ein Frankfurt,8,2.35,0,2.25,2,3.75,3.7,2.7,3.04,10,2.8,14,H,A,4,3.6,18,2,D1,8
3.8,4.0,1.8,2,06/12/2019,4.16,1,4.2,0,1.85,4.2,1,Ein Frankfurt,11,1.85,3.9,4.0,0,1.8,3.95,3,4.0,Hertha,6,4.2,0,4.38,4,3.9,3.9,1.83,1.82,15,1.8,9,D,A,3,4.04,25,2,D1,16
3.6,3.0,2.3,1,07/12/2019,3.11,2,3.1,0,2.25,3.0,1,Augsburg,13,2.28,3.6,2.9,0,2.2,3.9,2,3.7,Mainz,5,2.9,1,3.2,2,3.6,3.6,2.3,2.17,14,2.35,12,H,D,3,3.7,18,2,D1,8
3.5,3.3,2.15,0,08/12/2019,3.39,5,3.3,0,2.15,3.3,0,Union Berlin,21,2.19,3.5,3.25,0,2.15,3.55,1,3.5,FC Koln,5,3.3,1,3.56,3,3.5,3.4,2.1,2.14,19,2.2,14,H,H,4,3.6,11,2,D1,3
3.8,4.05,1.83,4,13/12/2019,4.11,1,4.2,0,1.85,4.0,1,Hoffenheim,10,1.85,3.9,3.9,0,1.8,3.94,1,4.0,Augsburg,8,4.0,1,3.81,0,4.0,3.9,1.85,1.95,7,1.85,6,A,D,4,4.06,19,2,D1,11
8.2,15.5,1.14,1,14/12/2019,18.35,2,15.0,0,1.15,17.0,1,Bayern Munich,13,1.15,8.5,19.0,0,1.14,11.24,2,8.5,Werder Bremen,14,17.5,2,21.16,2,9.0,8.5,1.14,1.11,12,1.14,11,H,H,2,8.78,29,6,D1,8
3.45,2.65,2.6,1,15/12/2019,2.81,2,2.6,0,2.6,2.75,1,Wolfsburg,20,2.62,3.3,2.63,0,2.7,3.51,3,3.4,M'gladbach,7,2.65,1,2.69,3,3.4,3.5,2.55,2.68,15,2.6,6,H,D,5,3.43,17,2,D1,5
3.9,3.9,1.83,5,17/12/2019,4.2,5,4.2,0,1.85,4.0,4,Werder Bremen,13,1.84,3.9,3.9,0,1.75,4.29,2,4.1,Mainz,5,4.1,0,4.67,2,4.2,4.0,1.83,1.71,13,1.8,19,A,A,8,4.01,15,0,D1,8
4.2,5.3,1.53,1,18/12/2019,6.27,4,6.5,0,1.6,6.0,0,Leverkusen,12,1.54,4.33,5.75,0,1.5,4.58,2,4.4,Hertha,7,6.0,0,6.33,3,4.33,4.0,1.55,1.52,16,1.57,10,A,D,5,4.44,17,0,D1,5
3.8,1.85,3.8,1,20/12/2019,1.93,8,1.9,0,4.0,1.88,1,Hoffenheim,8,3.81,3.9,1.91,0,3.6,4.36,0,4.0,Dortmund,3,1.87,0,1.71,1,4.0,3.9,3.7,4.5,12,3.8,12,H,A,5,4.01,11,2,D1,0
7.4,12.0,1.17,0,21/12/2019,17.81,6,17.0,0,1.2,17.0,0,Bayern Munich,7,1.17,7.5,17.0,0,1.14,6.86,2,8.0,Wolfsburg,8,17.0,0,13.38,2,8.5,8.5,1.17,1.22,7,1.14,10,H,D,3,7.86,18,2,D1,12
3.3,2.6,2.8,1,22/12/2019,2.61,5,2.62,0,2.75,2.55,0,Fortuna Dusseldorf,8,2.87,3.3,2.55,0,2.75,3.39,2,3.3,Union Berlin,8,2.7,1,2.42,4,3.25,3.25,2.7,3.07,18,2.7,17,H,H,6,3.31,22,2,D1,7
3.5,2.55,2.62,0,17/01/2020,2.59,8,2.55,0,2.65,2.6,0,Schalke 04,13,2.76,3.5,2.5,0,2.62,3.56,3,3.6,M'gladbach,7,2.6,0,2.58,4,3.6,3.5,2.7,2.73,17,2.65,14,H,D,5,3.49,13,2,D1,8
4.2,1.67,4.8,5,18/01/2020,1.66,6,1.65,0,4.6,1.63,0,Augsburg,4,4.99,4.33,1.67,0,4.75,4.81,0,4.4,Dortmund,5,1.65,1,1.54,1,4.33,4.1,4.6,5.57,5,4.5,17,A,H,8,4.33,13,3,D1,2
5.0,1.4,8.5,4,19/01/2020,1.36,4,1.3,0,7.2,1.33,0,Hertha,7,8.5,5.5,1.3,0,10.0,7.12,3,5.75,Bayern Munich,1,1.3,0,1.25,1,5.75,5.5,8.0,10.25,14,8.5,20,A,D,10,5.49,6,0,D1,0
5.8,9.0,1.29,1,24/01/2020,9.78,3,9.0,0,1.3,9.5,0,Dortmund,6,1.29,6.0,9.5,0,1.28,6.7,1,6.25,FC Koln,9,9.5,2,10.46,1,6.0,6.0,1.29,1.27,7,1.28,11,H,H,5,6.43,14,5,D1,1
4.2,1.77,4.2,0,25/01/2020,1.79,6,1.75,0,4.0,1.75,0,Ein Frankfurt,8,4.14,4.2,1.75,0,4.0,4.4,1,4.33,RB Leipzig,5,1.78,0,1.68,2,4.33,4.1,4.1,4.72,10,4.1,22,H,D,4,4.28,7,2,D1,4
3.7,2.75,2.4,3,26/01/2020,2.77,4,2.8,0,2.4,2.8,0,Werder Bremen,14,2.5,3.6,2.63,0,2.37,3.68,2,3.7,Hoffenheim,3,2.75,0,2.79,2,3.6,3.7,2.38,2.48,15,2.4,9,A,D,4,3.67,16,0,D1,7
3.3,2.6,2.7,0,31/01/2020,2.69,7,2.6,0,2.75,2.7,0,Hertha,9,2.73,3.25,2.63,0,2.7,3.31,1,3.4,Schalke 04,0,2.6,0,2.55,1,3.4,3.3,2.7,2.95,9,2.75,13,D,D,5,3.4,9,0,D1,3
3.75,3.35,2.05,1,01/02/2020,3.52,3,3.4,0,2.05,3.4,1,Augsburg,8,2.07,3.7,3.4,0,2.05,3.74,2,3.75,Werder Bremen,4,3.3,0,3.25,5,3.7,3.7,2.05,2.18,17,2.1,7,H,A,1,3.77,14,2,D1,5
3.65,3.45,2.05,0,02/02/2020,3.61,6,3.5,0,2.05,3.6,0,FC Koln,13,2.07,3.5,3.4,0,2.05,3.66,3,3.6,Freiburg,9,3.3,1,3.71,1,3.6,3.6,2.0,2.04,9,2.05,9,H,H,2,3.66,24,4,D1,10
3.7,3.9,1.91,0,07/02/2020,4.09,4,3.8,0,1.9,4.0,0,Ein Frankfurt,7,1.95,3.6,3.8,0,1.9,3.63,1,3.75,Augsburg,9,3.9,1,3.93,0,3.75,3.75,1.93,2.0,5,1.9,8,H,H,5,3.65,13,5,D1,1
3.55,2.65,2.55,0,08/02/2020,2.75,10,2.62,0,2.55,2.7,0,Freiburg,10,2.57,3.5,2.7,0,2.5,3.56,3,3.6,Hoffenheim,6,2.65,1,2.59,3,3.6,3.6,2.5,2.73,13,2.55,21,H,H,6,3.56,12,1,D1,5
4.8,6.5,1.42,0,09/02/2020,6.47,3,6.5,0,1.45,6.5,0,Bayern Munich,8,1.45,5.25,6.0,0,1.4,5.33,2,5.25,RB Leipzig,3,6.5,0,6.01,2,5.5,5.25,1.4,1.47,12,1.42,8,D,D,1,5.21,10,0,D1,11
4.8,6.5,1.44,0,14/02/2020,6.91,0,6.5,0,1.45,6.5,0,Dortmund,7,1.45,5.0,6.25,0,1.4,5.15,0,5.2,Ein Frankfurt,7,6.5,1,7.34,1,5.5,5.25,1.44,1.42,3,1.42,1,H,H,0,4.99,17,4,D1,5
3.65,3.5,2.05,1,15/02/2020,3.65,3,3.6,0,2.05,3.5,0,Augsburg,19,2.07,3.6,3.5,0,2.0,3.6,4,3.7,Freiburg,3,3.5,1,3.52,1,3.6,3.6,2.05,2.12,5,2.05,20,D,H,5,3.62,10,1,D1,0
6.1,1.25,13.0,4,16/02/2020,1.23,6,1.2,0,11.0,1.22,3,FC Koln,12,12.16,6.5,1.2,0,12.0,6.34,1,7.0,Bayern Munich,6,1.2,0,1.3,3,7.5,7.25,10.5,8.87,10,12.0,26,A,A,8,6.82,13,1,D1,1
13.0,25.0,1.05,2,21/02/2020,30.0,1,34.0,0,1.07,41.0,1,Bayern Munich,3,1.07,15.0,31.0,0,1.05,15.37,1,15.0,Paderborn,9,29.0,1,36.12,3,13.0,14.0,1.06,1.07,9,1.06,5,H,D,4,13.61,18,3,D1,11
3.5,3.7,1.91,2,22/02/2020,3.93,4,4.0,0,2.0,3.9,1,Freiburg,13,1.93,3.7,3.9,0,1.9,3.79,1,3.75,Fortuna Dusseldorf,4,3.9,0,4.0,4,3.8,3.7,1.93,1.93,10,1.91,9,A,A,4,3.88,15,0,D1,7
4.7,6.1,1.47,0,23/02/2020,7.03,3,6.0,0,1.48,7.0,0,Leverkusen,8,1.47,4.5,6.0,0,1.5,4.94,2,4.6,Augsburg,4,7.0,1,5.32,4,4.5,4.6,1.45,1.55,12,1.45,8,H,H,3,4.7,9,2,D1,2
3.65,3.9,1.88,2,24/02/2020,4.2,6,4.0,0,1.9,4.0,0,Ein Frankfurt,10,1.91,3.7,3.75,0,1.9,3.74,3,3.7,Union Berlin,3,4.1,0,4.11,4,3.6,3.5,1.87,1.92,15,1.91,11,A,D,7,3.72,21,1,D1,14
3.3,3.0,2.35,3,28/02/2020,3.13,5,3.0,0,2.4,3.0,0,Fortuna Dusseldorf,11,2.38,3.4,3.1,0,2.37,3.4,2,3.4,Hertha,5,3.0,3,3.43,2,3.3,3.3,2.3,2.24,11,2.4,16,D,H,7,3.41,14,3,D1,3
3.75,2.0,3.5,3,29/02/2020,2.05,3,2.05,0,3.45,2.0,0,Augsburg,11,3.61,3.75,2.05,0,3.4,3.9,3,3.8,M'gladbach,3,2.0,0,1.93,2,3.8,3.7,3.4,3.89,6,3.6,15,A,D,7,3.75,8,2,D1,5
3.2,2.75,2.7,2,01/03/2020,2.79,6,2.7,0,2.65,2.7,0,Union Berlin,8,2.73,3.2,2.63,0,2.62,3.31,1,3.25,Wolfsburg,3,2.65,1,2.62,2,3.2,3.25,2.6,2.86,13,2.75,14,D,H,3,3.25,6,2,D1,1
3.8,2.1,3.2,2,06/03/2020,2.14,9,2.1,0,3.15,2.1,2,Paderborn,8,3.28,3.8,2.1,0,3.0,3.97,3,3.8,FC Koln,2,2.05,0,2.12,4,4.0,3.9,3.25,3.24,12,3.3,15,A,A,3,3.84,16,1,D1,5
3.4,3.05,2.3,1,07/03/2020,3.17,2,3.1,0,2.3,3.1,0,Freiburg,5,2.38,3.4,3.1,1,2.3,3.22,2,3.4,Union Berlin,4,2.95,1,3.27,3,3.4,3.5,2.3,2.4,20,2.35,14,H,H,4,3.36,9,3,D1,7
9.0,20.0,1.08,0,08/03/2020,29.28,4,21.0,0,1.12,29.0,0,Bayern Munich,4,1.07,11.0,22.0,0,1.11,10.25,1,11.0,Augsburg,6,21.0,0,20.99,0,10.0,10.0,1.07,1.12,7,1.11,8,H,D,2,11.2,17,2,D1,9
4.05,4.05,1.78,1,11/03/2020,4.26,3,4.2,0,1.8,4.0,0,M'gladbach,14,1.84,4.2,4.1,0,1.72,3.82,1,4.2,FC Koln,5,4.4,1,3.71,2,4.0,4.1,1.8,2.0,14,1.72,16,H,H,3,3.91,12,2,D1,6
3.5,2.4,3.4,2,16/05/2020,2.15,1,2.1,0,2.9,2.15,1,Augsburg,8,3.52,3.4,2.15,0,3.4,3.66,1,3.5,Wolfsburg,3,2.15,0,2.18,3,3.5,3.4,3.4,3.45,11,3.4,17,A,A,5,3.53,8,1,D1,3
4.05,4.15,1.85,2,17/05/2020,4.11,7,3.9,0,1.77,4.0,0,FC Koln,20,1.87,3.8,3.8,0,1.85,3.99,4,3.9,Mainz,6,3.75,1,4.4,2,3.9,3.8,1.83,1.83,15,1.91,11,D,H,5,3.94,16,2,D1,5
4.05,1.85,4.8,4,18/05/2020,1.71,9,1.66,0,3.85,1.7,2,Werder Bremen,15,4.86,3.9,1.7,0,4.75,3.96,2,4.0,Leverkusen,1,1.72,1,1.9,1,4.0,3.9,4.4,4.1,14,4.75,13,A,A,6,4.1,9,1,D1,2
3.3,3.15,2.35,0,22/05/2020,3.16,6,3.0,0,2.3,3.0,0,Hertha,12,2.43,3.4,3.0,0,2.3,3.44,2,3.4,Union Berlin,8,3.1,0,3.22,1,3.4,3.3,2.4,2.37,12,2.35,7,H,D,0,3.4,14,4,D1,4
3.5,3.1,2.2,1,23/05/2020,3.2,2,3.0,0,2.25,3.2,1,Freiburg,12,2.21,3.6,3.13,1,2.15,3.66,0,3.7,Werder Bremen,8,3.1,0,3.42,3,3.75,3.6,2.2,2.14,18,2.2,11,A,A,3,3.73,15,0,D1,7
3.45,3.6,2.05,3,24/05/2020,3.64,2,3.6,0,2.05,3.6,1,Schalke 04,14,2.09,3.5,3.5,0,2.0,3.51,0,3.5,Augsburg,2,3.7,0,3.94,2,3.5,3.4,2.0,2.05,11,2.05,9,A,A,7,3.56,12,0,D1,3
4.0,1.9,3.7,1,26/05/2020,1.93,3,1.85,0,3.6,1.88,1,Dortmund,9,3.65,4.0,1.9,0,3.6,4.55,2,4.2,Bayern Munich,5,1.9,0,1.86,2,4.33,4.2,3.6,3.7,15,3.5,13,A,A,6,4.27,13,0,D1,4
5.2,7.6,1.32,2,27/05/2020,8.17,7,6.0,1,1.37,9.0,1,RB Leipzig,12,1.37,5.5,8.0,0,1.3,6.06,2,5.75,Hertha,5,8.25,1,9.56,3,5.5,5.5,1.33,1.32,19,1.34,13,D,D,4,5.53,11,2,D1,4
4.1,1.75,4.6,1,29/05/2020,1.71,6,1.66,0,4.2,1.7,0,Freiburg,8,4.83,4.2,1.7,0,4.75,4.11,0,4.2,Leverkusen,1,1.7,0,1.74,2,4.2,4.0,4.6,4.82,13,4.75,7,A,D,1,4.24,9,0,D1,6
3.5,3.7,1.91,0,30/05/2020,3.88,8,3.75,0,2.0,3.8,0,Hertha,19,1.93,3.75,3.8,0,1.9,3.95,3,3.9,Augsburg,6,3.7,1,4.73,3,3.75,3.7,1.9,1.78,7,1.9,8,H,H,2,3.89,12,2,D1,7
4.35,6.0,1.5,1,31/05/2020,6.67,3,6.0,0,1.53,7.0,0,M'gladbach,13,1.52,4.2,5.75,0,1.5,4.51,3,4.33,Union Berlin,10,6.0,2,7.37,2,4.5,4.25,1.5,1.49,9,1.5,13,H,H,5,4.37,16,4,D1,4
4.4,1.6,5.8,4,01/06/2020,1.55,7,1.53,0,5.0,1.52,2,FC Koln,16,5.81,4.6,1.53,0,5.5,4.74,2,4.6,RB Leipzig,5,1.5,1,1.53,1,4.6,4.5,5.0,6.0,7,5.5,19,A,A,8,4.63,7,2,D1,4
3.45,2.5,2.8,3,03/06/2020,2.55,6,2.55,0,2.75,2.5,0,Werder Bremen,14,2.85,3.4,2.55,0,2.75,3.56,2,3.5,Ein Frankfurt,3,2.5,0,2.44,1,3.4,3.5,2.75,2.99,21,2.75,12,A,D,4,3.44,11,0,D1,5
4.0,1.75,4.5,0,05/06/2020,1.78,10,1.72,0,4.3,1.73,0,Freiburg,14,4.5,4.0,1.75,1,4.5,4.28,4,4.0,M'gladbach,6,1.75,0,1.68,3,4.0,4.0,4.33,5.08,14,4.33,18,H,D,4,4.1,16,1,D1,3
3.7,3.4,2.0,2,06/06/2020,3.57,5,3.5,0,2.05,3.6,1,Ein Frankfurt,17,2.1,3.7,3.4,0,2.0,4.02,3,3.75,Mainz,0,3.6,0,3.67,3,3.75,3.7,2.05,1.98,15,2.0,17,A,A,5,3.6,10,0,D1,7
3.5,2.05,3.7,1,07/06/2020,2.04,4,2.05,0,3.65,2.0,0,Werder Bremen,17,3.77,3.6,2.0,0,3.6,3.88,3,3.6,Wolfsburg,4,2.05,0,1.93,3,3.5,3.4,3.4,4.02,13,3.7,18,A,D,3,3.61,14,0,D1,5
5.0,1.45,6.5,2,12/06/2020,1.44,1,1.4,0,6.2,1.42,2,Hoffenheim,15,6.48,5.25,1.44,0,6.5,5.85,2,5.25,RB Leipzig,7,1.42,0,1.38,2,5.25,5.25,6.5,7.48,18,6.5,14,A,A,7,5.47,22,0,D1,9
3.5,3.6,2.0,2,13/06/2020,3.83,6,3.75,0,2.05,3.75,1,FC Koln,18,2.1,3.5,3.4,0,2.0,3.54,3,3.6,Union Berlin,6,3.75,0,4.03,0,3.4,3.4,2.0,2.02,17,2.05,7,A,A,5,3.46,10,1,D1,4
3.45,3.05,2.3,1,14/06/2020,3.14,5,3.1,0,2.3,3.1,1,Mainz,8,2.33,3.4,2.9,0,2.25,3.55,2,3.5,Augsburg,4,3.1,0,3.87,4,3.4,3.5,2.25,2.06,14,2.25,9,A,A,3,3.49,18,0,D1,9
3.6,3.25,2.15,0,16/06/2020,3.35,3,3.25,0,2.15,3.25,0,M'gladbach,15,2.2,3.6,3.3,0,2.1,3.59,1,3.75,Wolfsburg,3,3.4,2,3.04,4,3.75,3.7,2.1,2.4,17,2.05,12,H,H,2,3.58,11,3,D1,5
4.0,4.45,1.75,1,17/06/2020,4.6,3,4.5,0,1.75,4.4,0,Ein Frankfurt,9,1.72,4.0,4.33,1,1.7,4.29,3,4.0,Schalke 04,4,4.5,1,6.15,5,4.2,3.9,1.7,1.58,16,1.75,8,H,H,5,4.22,14,2,D1,5
7.5,8.3,1.25,1,20/06/2020,9.43,2,10.0,0,1.25,10.0,1,Bayern Munich,13,1.28,6.5,10.5,0,1.25,5.74,0,6.5,Freiburg,8,9.75,3,9.4,0,6.0,6.0,1.25,1.32,8,1.25,11,H,H,3,6.5,23,3,D1,8
5.2,1.4,7.0,2,27/06/2020,1.42,8,1.36,0,6.8,1.4,1,Augsburg,11,6.99,5.25,1.4,0,7.0,5.16,4,5.5,RB Leipzig,1,1.4,0,1.46,1,5.75,5.25,7.0,6.68,10,7.0,14,A,A,5,5.15,5,1,D1,2
8.0,18.0,1.07,0,18/09/2020,27.06,2,21.0,0,1.15,26.0,0,Bayern Munich,11,1.1,11.0,23.0,0,1.1,11.35,1,12.0,Schalke 04,12,16.5,3,18.87,2,11.0,11.0,1.09,1.12,12,1.11,5,H,H,1,12.11,22,8,D1,9
4.0,4.7,1.63,1,19/09/2020,5.08,3,5.25,0,1.7,4.8,0,Ein Frankfurt,14,1.67,4.2,5.0,0,1.61,4.2,2,4.2,Bielefeld,6,5.0,0,4.67,2,4.2,4.1,1.65,1.75,13,1.65,14,D,D,4,4.21,18,1,D1,14
5.5,6.75,1.35,1,20/09/2020,7.98,5,8.0,0,1.4,7.5,0,RB Leipzig,5,1.37,5.25,7.0,0,1.33,5.48,1,5.5,Mainz,10,7.0,2,7.53,2,5.75,5.75,1.33,1.41,11,1.36,8,H,H,1,5.49,23,3,D1,7
3.7,2.8,2.2,3,25/09/2020,3.01,3,2.9,0,2.35,3.0,2,Hertha,13,2.33,3.7,2.88,0,2.25,3.84,3,3.8,Ein Frankfurt,6,2.95,0,2.95,4,3.75,3.7,2.25,2.37,16,2.25,10,A,A,3,3.83,12,1,D1,4
4.7,1.43,7.0,0,26/09/2020,1.45,11,1.44,0,6.75,1.42,0,Augsburg,7,7.52,4.6,1.4,0,7.0,4.52,3,5.0,Dortmund,4,1.44,1,1.53,4,4.75,4.75,7.0,6.54,8,6.75,16,H,H,7,4.95,6,2,D1,3
7.5,1.2,12.0,1,27/09/2020,1.24,5,1.2,0,12.0,1.22,1,Hoffenheim,15,10.77,6.5,1.22,0,11.0,7.91,3,7.0,Bayern Munich,8,1.25,2,1.22,2,7.5,6.75,9.5,11.45,11,10.0,14,H,H,2,6.89,17,4,D1,3
3.5,3.25,2.1,0,02/10/2020,3.4,2,3.4,0,2.2,3.4,0,Union Berlin,13,2.18,3.4,3.3,0,2.05,3.65,1,3.6,Mainz,7,3.3,1,3.57,4,3.6,3.5,2.1,2.13,11,2.15,5,H,H,0,3.73,13,4,D1,4
6.0,8.75,1.27,0,03/10/2020,9.75,2,9.0,0,1.33,10.0,0,Dortmund,8,1.31,5.8,9.5,0,1.28,5.51,1,5.75,Freiburg,7,9.5,1,8.3,1,6.0,5.75,1.29,1.37,12,1.3,6,H,H,2,5.71,16,4,D1,3
3.4,3.65,2.0,0,04/10/2020,3.7,2,3.7,0,2.05,3.7,0,Wolfsburg,7,2.05,3.5,3.6,0,2.0,3.79,0,3.6,Augsburg,6,3.75,0,4.01,1,3.6,3.5,1.95,1.96,13,2.0,9,D,D,1,3.64,17,0,D1,12
4.3,1.53,5.8,2,17/10/2020,1.55,8,1.53,0,5.75,1.52,1,Augsburg,9,6.16,4.4,1.53,0,5.75,4.83,0,4.5,RB Leipzig,2,1.53,0,1.53,1,4.5,4.6,5.5,6.07,13,5.5,15,A,A,6,4.61,6,0,D1,5
3.6,2.15,3.1,1,18/10/2020,2.15,8,2.1,0,3.15,2.15,1,FC Koln,19,3.28,3.7,2.1,0,3.2,3.74,3,3.8,Ein Frankfurt,5,2.1,0,2.47,2,3.8,3.7,3.0,2.86,18,3.3,16,D,A,4,3.95,9,1,D1,2
3.7,3.75,1.91,1,23/10/2020,3.87,5,3.8,0,1.95,3.7,1,Stuttgart,11,1.93,3.75,3.5,0,1.85,4.09,2,3.9,FC Koln,4,3.7,1,3.62,5,3.8,3.7,1.93,1.99,13,1.95,14,D,D,4,4.04,9,1,D1,3
7.0,10.0,1.2,0,24/10/2020,11.69,2,9.0,0,1.25,13.0,0,Bayern Munich,11,1.23,7.0,10.5,0,1.16,8.61,3,7.5,Ein Frankfurt,10,11.0,2,13.15,0,7.5,7.0,1.2,1.19,12,1.22,9,H,H,2,7.32,20,5,D1,10
3.65,5.0,1.67,1,25/10/2020,5.39,3,5.25,0,1.7,5.0,0,Wolfsburg,12,1.69,3.8,4.75,0,1.65,4.14,2,3.9,Bielefeld,4,5.25,2,5.71,1,3.75,3.9,1.67,1.65,10,1.67,8,H,H,1,4.01,14,2,D1,4
3.9,5.0,1.63,1,26/10/2020,5.42,3,5.25,0,1.65,5.0,0,Leverkusen,14,1.66,4.0,4.75,0,1.6,4.35,1,4.2,Augsburg,7,4.75,1,5.95,2,4.2,4.25,1.62,1.59,8,1.6,7,H,H,3,4.18,15,3,D1,3
3.5,2.35,3.1,1,30/10/2020,2.27,4,2.15,0,2.95,2.2,0,Schalke 04,11,3.23,3.5,2.2,0,3.1,3.63,2,3.6,Stuttgart,2,2.2,1,2.32,2,3.6,3.6,3.1,3.17,14,3.1,19,D,H,5,3.67,9,1,D1,3
3.45,3.5,2.0,1,31/10/2020,3.64,1,3.5,0,2.05,3.6,0,Augsburg,12,2.09,3.5,3.4,0,2.0,3.45,5,3.8,Mainz,7,3.7,1,3.12,1,3.75,3.6,2.0,2.43,10,2.0,8,H,H,4,3.71,14,3,D1,4
3.4,2.05,3.7,4,01/11/2020,2.05,6,1.95,0,3.6,2.0,2,Freiburg,10,3.85,3.4,2.0,0,3.8,3.59,2,3.6,Leverkusen,5,1.91,1,2.12,2,3.5,3.5,3.4,3.67,11,3.8,18,A,A,7,3.64,8,2,D1,4
3.65,3.95,1.83,3,02/11/2020,4.18,6,3.8,1,1.9,4.0,0,Hoffenheim,19,1.89,3.8,3.8,0,1.85,3.93,1,3.9,Union Berlin,5,4.0,0,3.86,2,4.0,3.9,1.83,1.96,13,1.85,9,A,D,6,3.91,10,1,D1,3
3.5,2.8,2.4,1,06/11/2020,2.93,3,2.87,0,2.5,2.88,0,Werder Bremen,20,2.48,3.4,2.8,0,2.37,3.33,2,3.6,FC Koln,4,2.8,0,2.7,2,3.6,3.6,2.38,2.85,20,2.4,8,D,D,1,3.59,18,1,D1,1
3.3,2.4,2.88,3,07/11/2020,2.42,6,2.3,0,2.9,2.35,1,Augsburg,12,2.98,3.5,2.38,0,2.9,3.56,3,3.6,Hertha,2,2.35,0,2.41,0,3.5,3.6,2.75,3.07,10,2.9,12,A,A,6,3.64,10,0,D1,2
3.45,3.25,2.1,1,08/11/2020,3.43,7,3.25,0,2.15,3.25,0,Wolfsburg,15,2.13,3.6,3.13,0,2.1,3.86,1,3.8,Hoffenheim,8,3.25,2,3.44,3,3.6,3.6,2.05,2.11,14,2.15,17,H,H,5,3.82,14,2,D1,3
10.0,15.0,1.1,1,21/11/2020,19.26,3,23.0,0,1.12,21.0,1,Bayern Munich,10,1.11,9.5,18.0,0,1.1,8.98,1,10.5,Werder Bremen,3,17.5,0,16.74,3,10.0,9.75,1.1,1.16,10,1.12,9,D,A,4,9.97,15,1,D1,7
3.6,3.3,2.05,3,22/11/2020,3.62,4,3.4,0,2.1,3.5,3,Freiburg,6,2.1,3.5,3.3,0,2.05,3.88,0,3.6,Mainz,6,3.5,0,3.98,1,3.6,3.5,2.05,1.94,12,2.1,22,A,A,8,3.7,19,1,D1,9
3.6,3.9,1.85,3,27/11/2020,4.29,5,4.33,0,1.9,4.2,2,Wolfsburg,12,1.93,3.5,3.9,1,1.8,3.72,2,3.75,Werder Bremen,6,4.1,3,4.18,3,3.6,3.7,1.87,1.94,12,1.87,5,H,H,4,3.65,12,5,D1,0
3.4,2.85,2.4,1,28/11/2020,3.0,1,2.9,0,2.4,2.9,0,Augsburg,15,2.48,3.3,2.8,0,2.37,3.35,3,3.5,Freiburg,2,2.95,0,3.05,1,3.5,3.4,2.4,2.53,8,2.4,10,D,D,5,3.5,10,1,D1,4
4.0,4.2,1.78,0,29/11/2020,4.55,1,4.5,0,1.75,4.33,0,Leverkusen,16,1.82,3.7,4.1,0,1.72,3.83,2,3.9,Hertha,2,4.5,0,3.94,1,4.0,3.8,1.75,1.97,19,1.78,5,D,D,3,3.93,14,0,D1,6
3.4,2.65,2.62,1,04/12/2020,2.81,2,2.75,0,2.55,2.7,1,Hertha,15,2.64,3.2,2.7,1,2.5,3.21,1,3.4,Union Berlin,7,2.8,0,2.78,3,3.5,3.3,2.55,2.85,9,2.55,4,H,A,1,3.48,10,3,D1,9
3.3,2.5,2.8,1,05/12/2020,2.54,3,2.4,0,2.8,2.4,0,Bielefeld,16,2.92,3.5,2.45,0,2.87,3.48,3,3.5,Mainz,5,2.4,2,2.37,2,3.5,3.5,2.75,3.19,18,2.85,15,H,H,5,3.51,11,2,D1,2
3.4,2.55,2.7,2,06/12/2020,2.53,4,2.45,0,2.65,2.5,1,Werder Bremen,10,2.8,3.5,2.45,0,2.8,3.46,4,3.6,Stuttgart,4,2.5,0,2.54,4,3.5,3.5,2.63,2.94,15,2.75,11,A,A,7,3.7,14,1,D1,2
3.7,4.0,1.83,1,07/12/2020,4.19,3,3.8,0,1.85,3.9,1,Hoffenheim,15,1.87,3.9,3.75,0,1.83,4.1,0,4.0,Augsburg,7,4.0,1,4.38,1,4.2,3.8,1.8,1.81,9,1.85,13,H,D,3,4.01,10,3,D1,4
3.4,2.95,2.3,1,11/12/2020,2.96,1,2.8,0,2.35,2.88,0,Wolfsburg,10,2.4,3.6,2.8,0,2.3,3.57,5,3.75,Ein Frankfurt,8,2.9,0,2.88,2,3.6,3.7,2.3,2.53,12,2.3,7,H,D,4,3.74,16,2,D1,8
4.6,6.0,1.5,5,12/12/2020,6.45,2,6.0,0,1.5,6.0,1,Dortmund,11,1.52,4.33,5.5,0,1.5,4.99,2,4.75,Stuttgart,4,5.75,1,7.18,3,4.5,4.5,1.5,1.46,13,1.53,18,A,D,10,4.75,12,1,D1,8
3.6,3.9,1.91,2,13/12/2020,4.2,3,3.8,1,1.9,4.0,0,Augsburg,17,1.94,3.5,3.8,0,1.9,3.5,3,3.6,Schalke 04,4,3.8,1,3.48,4,3.75,3.6,1.9,2.23,13,1.95,15,D,H,4,3.68,8,2,D1,2
3.5,2.5,2.62,3,15/12/2020,2.54,5,2.45,1,2.65,2.5,1,Ein Frankfurt,18,2.7,3.6,2.45,0,2.62,3.79,6,3.75,M'gladbach,4,2.4,3,2.52,4,3.8,3.7,2.6,2.77,15,2.75,8,D,H,4,3.87,11,3,D1,4
3.25,2.35,3.0,2,16/12/2020,2.36,3,2.3,0,3.0,2.3,0,Schalke 04,15,3.15,3.4,2.3,0,2.9,3.47,2,3.6,Freiburg,2,2.35,0,2.27,1,3.5,3.5,2.9,3.4,9,2.95,11,A,D,5,3.55,10,0,D1,2
3.8,1.73,4.8,1,18/12/2020,1.73,6,1.65,0,4.7,1.67,0,Union Berlin,9,4.95,3.9,1.67,0,4.75,3.96,1,4.0,Dortmund,5,1.67,0,1.75,1,4.0,4.0,4.6,4.98,7,5.0,16,H,D,4,4.09,12,2,D1,8
3.6,1.95,3.7,2,19/12/2020,2.0,4,1.95,0,3.75,1.95,0,Augsburg,9,3.84,3.6,1.95,0,3.8,3.9,1,3.75,Ein Frankfurt,4,1.95,0,1.96,4,3.75,3.7,3.6,3.89,10,3.75,15,A,D,6,3.8,15,0,D1,2
3.25,2.65,2.6,1,20/12/2020,2.74,3,2.7,0,2.65,2.7,0,Freiburg,9,2.67,3.3,2.6,0,2.5,3.43,0,3.5,Hertha,9,2.7,1,2.77,0,3.5,3.4,2.5,2.71,16,2.6,10,H,H,3,3.54,17,4,D1,7
